,galaxies_lens_mass_centre_0,galaxies_lens_mass_centre_1,galaxies_lens_mass_elliptical_comps_0,galaxies_lens_mass_elliptical_comps_1,galaxies_lens_mass_einstein_radius,galaxies_source_point_0_centre_0,galaxies_source_point_0_centre_1
0,0.03696393317799477,0.0034032940902116943,-0.04961670482000308,0.3413197841729612,7.684085632556342,-0.2370402354789728,0.3360041973308565
1,0.00901356086177335,0.1224508280047874,0.09187637604324117,0.024741893967309945,5.904811881219468,-0.40637933977526197,-0.0964831389159063
2,0.09075761117179458,0.14089171340723228,0.45694035428209073,-0.13616485325578298,7.641004873910103,0.16720387232187248,-0.16915063330165545
3,0.08251942118340196,-0.041466123982378936,-0.22750211181957314,-0.008899049686403471,6.3496287666335105,-0.1903434473543337,0.026239162118808067
4,0.10678778938782223,0.026869588150459832,-0.36683324510968185,-0.2827272871232507,0.3064926911021262,0.0878315975772187,0.6955608240439176
5,0.2918751010308108,0.06603982841675937,-0.22935337568219422,-0.029419437534130764,6.3382093307791445,0.16298150116901675,-0.35324311246668083
6,-0.07433898441681522,0.10516818447005837,0.6164791104874164,-0.4182170314867071,0.13130884500593965,-0.2995537175892566,0.2476230073590322
7,0.04583797480224783,-0.047112148624578264,0.646162587004091,-0.010782810604525845,7.834443463629677,-0.3845567953151356,-0.04350964024817896
8,0.15865557469512354,0.08373617261428842,-0.07615949578469511,-0.3117199150529967,6.53535880041617,0.1927535651868741,0.02133664523512612
9,-0.15106355280397268,-0.019287046272529897,0.11056311455333055,0.25016367736021305,0.23438781467329584,0.22182120012309295,-0.2609421039336235
10,0.0730889662807511,-0.0713642550838601,0.5077434219823078,0.033739649200689656,6.410726124892121,-6.543351950241299e-05,0.12758033855377682
11,0.1328080547248929,0.0566710843072292,-0.07797115078407955,-0.027043523273935867,1.223660521809026,0.04378276443590422,-0.18662843607102456
12,0.0977459272988292,-0.021368886570379685,-0.3963471026316041,0.4183316512806351,1.1707071764539894,-0.3436953316092901,0.17416541725129744
13,0.053230158786796884,0.12425083293073928,0.48130611770219733,-0.5394650284244888,0.8979227544764301,-0.20252614615050443,0.02195211177145949
14,0.04109005056781477,0.007147569066531776,0.4966438498647097,0.23912350391890927,6.411041504893304,-0.1862546189200063,0.21144049674764104
15,-0.043909954307672146,0.009219954962335939,0.07835537229279409,-0.3571511362157677,5.577612630316497,0.06629344183015651,0.3059301115339475
16,0.03689343984813352,-0.11568914854860253,-0.06450615745789345,0.07256022565924802,4.581650166513735,-0.1726459121395867,-0.0495290644263336
17,-0.027999653522904705,0.027007882392152373,0.13204194946600892,-0.33349268730151205,1.3822574569112591,0.19669096479572273,-0.28063284249401715
18,-0.008248630585246816,0.07808221054798518,-0.7000289760415421,-0.5054912694093724,3.0386425305036164,0.004282872037367253,0.19192245601845742
19,-0.03829270178396734,0.047258887275840177,0.37441773230094233,-0.04077903517183982,5.087275501295901,-0.3200764148468039,-0.2370944078515952
20,-0.04070831929307112,-0.028135386572475836,-0.33997574938909175,-0.07648582727698959,1.257607798722387,0.2182247385975809,-0.020320504865385062
21,-0.15469560009689381,0.18896609118792054,-0.2850280192257951,0.6869735817934809,2.066053153608289,-0.25560063748217204,-0.2574043383193841
22,-0.026899458805006465,-0.049809395785586845,-0.33751730907790767,-0.6981596853500174,2.430831774195573,-0.3964253255248071,0.22050119527188006
23,0.21084280148682583,0.07255642662665987,0.2506412978002482,0.3060115681304795,5.350422209062078,0.2529436348253418,0.02818997115162816
24,-0.06224364800088325,-0.09483003989827678,0.010948974528486578,-0.32312642384892915,1.5219710104867303,-0.04840550877146685,0.17913042775327562
25,-0.012661757726623316,0.020948521858749118,-0.14424973573844257,0.3275267066326413,1.6088054197958543,-0.18238344951215044,-0.14436293160354335
26,-0.21670623109967196,-0.03976161876271537,-0.3429750564025255,-0.29121079278493667,6.256938846395801,0.14540939433629155,-0.12957501393250534
27,-0.011496863504718012,-0.16958773635432875,-0.42820762907444265,0.4169377365578155,2.221182499774965,-0.29101917071198463,0.1965832989152288
28,0.05994063351213264,-0.0026596314770416414,-0.0559275400935551,-0.47111206085019186,5.675194353006762,0.21043469126259776,-0.3864860035246021
29,0.15914329927233054,0.06658416296343882,0.2154368584031215,0.488021490037447,1.5655753738763156,0.04875253964443112,0.35123884674711864
30,-0.09047633014876588,0.061346607570727,0.3799022927923348,-0.03540566644187066,2.1438002072374562,0.26306113508908074,-0.11489684100949336
31,-0.1222461750046313,-0.10214020588858516,0.11001326046884881,-0.3815562183358447,4.586279683921891,0.1456085502777439,-0.33938729847067856
32,0.019824140138954775,-0.06467016077659328,-0.2350718896566636,0.6368189053440804,6.389799262791722,-0.014590342893463209,-0.4449610072935097
33,-0.141605797947455,0.014518069972181422,0.5067451819539395,0.1363177358377704,2.1719092504397466,-0.06379301761667526,-0.3576167219815929
34,-0.05343148553666784,0.04119832689003029,0.039678405444879675,-0.20323881377999461,1.6444597031886108,-0.13249047522919372,-0.2911056221441063
35,0.04679891955390375,0.08904895898482768,0.011415757410943646,-0.5434653106371645,5.415915011184367,0.26447746696255575,0.14353769782037523
36,0.07801049157266002,-0.03531390971000469,0.6160559070845588,0.28711758460725567,6.5012019285681015,0.017974118173167245,0.12941308536253807
37,-0.10573568715160421,-0.14080337451037095,0.7168614469952128,-0.2727692631003259,3.7016489602782885,-0.023527637219516805,-0.19359434584427612
38,0.12422309080355193,-0.008735673597924643,0.10802540236599825,-0.23280710799263002,3.892842559029277,0.24201430466342982,0.42409338134859675
39,-0.048578465707623565,-0.010268330632571909,0.2665770432645507,-0.35545670065637147,2.98071804735255,0.4154479545474415,0.3857553340634986
40,-0.004086431449315159,-0.19743975460579308,-0.009365632818180631,0.15962310535437751,2.138076025955802,-0.03446285165804146,0.17485231645007412
41,-0.10645607642219154,0.011081263166935182,0.31524721378925014,0.06102306550894122,2.8137520825506313,0.5632523344541448,0.3145439397331776
42,0.13571721959134156,-0.08846995785973952,-0.01835236233833772,-0.42135341396084014,4.627983341907054,0.10403880030925519,0.48870491739917
43,-0.039078283879843446,-0.12774299002263145,0.09073335116770724,0.11324498543492938,4.093531375418944,0.5532593203916816,0.22065304665085397
44,0.07554911853348155,0.04287391195690201,-0.03272560942428665,-0.14970435276528402,2.8227313361804782,0.28790587945848195,0.11219024272526143
45,-0.022792273201947936,0.03844450226929037,-0.04292996575049809,-0.8543872392188107,7.927162285034687,0.23628066878022094,0.03978069411946042
46,-0.03709121947000501,-0.13160189107921275,0.1286815431204692,-0.13739712245348096,2.6888190685274544,0.16297065587333612,-0.02563193864903898
47,0.1546902834329569,0.07326711567004283,0.1521493355677963,0.15666981652287643,2.9129449834098438,-0.16969320968240684,-0.022297250585376557
48,-0.06146783697757333,0.04953301772302469,-0.23473155465462786,0.2801735151707064,2.3591257456584938,-0.010507452470953565,-0.2106022071715297
49,-0.12599154132112014,-0.12315904599479006,-0.36928804808871585,0.12268116563660378,4.203456335795166,0.11011538602970453,-0.04143682420991544
50,-0.010200792257376808,-0.05981766920375909,-0.10004128988615182,-0.5997292126167868,5.537638387838713,0.15011078034765485,-0.1399694105705161
51,-0.03971116926148666,0.15711552547771118,0.42264726609834913,-0.17335886858499638,2.7059823695378284,-0.33894687706597576,-0.04447011471022211
52,-0.03387290428184001,0.06675551848222723,0.1462658009917818,-0.13790083823826024,2.4732354451661553,-0.0815250508942656,0.0681505997024603
53,-0.028605401720003743,0.10434051858651995,-0.292644451837502,0.43705717045700115,2.600001775717642,0.4436604572028561,0.19357539722707467
54,-0.13593038479762298,0.010189960487281836,0.08025126471948836,0.4327994277412618,1.8855436779074077,0.16570691186893838,0.19280410416677074
55,-0.0059114822841124445,0.1211161405681551,-0.38508723776387105,0.735123146132772,6.930164880861342,-0.2883134714300557,0.2271876985493734
56,0.040814001121533085,0.08046384426078508,-0.5540353631360986,-0.2816877155726637,6.865758577065405,0.08513163891630691,-0.10040916195887614
57,-0.11556132121057015,-0.14491933348380615,0.07107172729586334,-0.17282727190540612,4.074055590451252,-0.17347674485507375,-0.10928464215936831
58,-0.03055362179070168,-0.11398052909469591,-0.5761866811654341,-0.4381574320096981,6.221159577557583,0.8191704594127374,-0.11162021298516517
59,-0.013306527307429605,-0.0894395565681258,0.5452834761969092,-0.244607790455041,3.6973068174699018,-0.3062487606525693,-0.49428457692042815
60,-0.04968401342850934,-0.17714880030792293,0.4884204054636726,0.3970193369251263,5.755248297843206,0.0911813468732755,0.07232057230907264
61,-0.055965636234356124,0.010222970525665533,-0.2648892819223814,-0.5156513155965488,5.969705029950997,-0.09052259305077484,0.33898564679229115
62,0.1454446721633588,-0.03957523867238509,0.2330165444504542,-0.692703115394702,5.523406934383296,0.01036457430387459,0.08336018810830421
63,-0.13139635067404998,-0.10848069517926133,-0.09196949643309933,-0.04434239573472025,2.272436128274009,-0.08668437464175853,-0.06867395278087583
64,-0.1003763087968515,0.23090924196593607,-0.21445682395158827,0.1215380900735056,1.9834534331910936,0.2130488068258424,0.05117994584765018
65,-0.035065874524384026,-0.03448162580808776,0.25624434675252206,0.3371869840709756,4.614463149212717,0.144214189886328,-0.08749861342651681
66,-0.20129542959990912,0.12748607151111654,0.30571542776168786,0.18737996880194982,4.538293726430176,0.19863652559800626,0.0860961314846993
67,-0.06325756743948353,-0.03385700437001826,0.5026499779205686,0.4912868860027279,2.8124147623761004,0.052220826102064216,0.12554611643466132
68,-0.005348540611011309,-0.00950587957137325,0.11180257872854744,0.7092975882192321,5.406349366448697,-0.13768806827942323,-0.5823589363466225
69,0.023192232922838844,-0.024094156033209854,0.024698990618894794,0.19669752791522124,3.4981050071205795,0.6250605362687306,-0.3746879568765568
70,0.11824813848343146,0.20700159221768089,-0.25319680427101876,-0.3910168998994419,2.5348888495608666,0.22621884941290651,-0.23757952912093797
71,0.06227125012970984,-0.0480026079666182,0.45457803030242855,-0.04835368253020218,3.0229549455472924,-0.13611235570381258,-0.24473455151550189
72,-0.14818107037695757,0.1079694766594484,-0.2077643491046982,-0.09776673305338486,3.80005974608519,-0.21286575644679365,-0.8945852766479088
73,0.045403267890380496,-0.030851270279357662,0.052396100292630206,-0.023177473636762425,4.381511580137877,-0.31799783037898915,0.08953678989114894
74,-0.03833408804897391,-0.04859693744825617,-0.20631371839096918,-0.21431482479072742,3.9437438709114447,0.399397953375116,0.011013125328643457
75,0.057293456769065866,0.11718092095240287,0.20888891933876366,0.01530864179917594,3.5540068033915633,0.2271147301076534,0.13454156607694057
76,0.06558907279355354,-0.0389741081390745,0.0339407002238284,-0.12883558998493652,2.072541049582945,-0.029351896357982035,-0.23004030987335114
77,-0.05699352928001558,0.1401680253899583,0.7384280614731633,0.13743048592140103,5.1715688846978685,0.11336820574066135,-0.09372141777277003
78,-0.18105597194548123,0.05295921881459624,-0.22727489934415357,-0.37663383867638217,4.890260666279045,0.08870782593677629,0.03813952709406313
79,0.31416768673300943,-0.09821626236025861,-0.20866260217560453,-0.5225296670337911,2.9163728188548443,-0.08829330863373931,0.05955627070504803
80,0.033166991685748534,0.09936357962659563,-0.5113966354167295,-0.2767997479601425,4.725191162782712,-0.6736680917255176,0.1810889078467424
81,0.0604916204881619,-0.1674691949546314,0.17084447644269996,0.0961848087992884,3.2078563194340814,0.16066914851056044,0.3961790840115329
82,0.14112843284513316,0.19208304031713225,0.31765855228768053,0.2563634608575899,2.3019748803213167,-0.11440656612862561,0.22036107168686728
83,-0.027096274058242734,0.029105405872311793,0.12387038982437235,-0.4362113842473818,2.462117060915105,-0.6789505760186982,-0.17643516953317254
84,0.15145237433109557,0.18410352323479393,-0.17229352154572863,-0.030840423869240872,3.84100348707051,0.01093729228531017,0.18949900822972537
85,-0.012807528558794344,0.10359021297043884,-0.4293256247351291,-0.41924722740395864,5.018716615618388,-0.4063919397585058,0.6639005099512569
86,-0.08752032472115791,-0.05632514677578106,0.12552617328616467,0.11939121998315222,2.765671493297079,0.09387149371418524,0.32041657598116247
87,0.1888908190103351,0.004165147059087884,0.06826978274175,-0.23785229648097705,3.1819083734631315,-0.12281507934445586,0.2819672869216143
88,-0.04919205360414181,0.3198486362217818,-0.2963956803144644,-0.16436039882424464,4.880192005978082,0.04799552874005261,0.058959855290714396
89,0.03180544667889177,-0.14305676933620223,0.11508142549241158,0.06171810698076427,2.1808675006711464,-0.16409008139054232,0.28073720876451075
90,0.12937816077124079,0.010368660478717588,-0.3497798607815691,-0.5273881680722456,4.705855096785006,0.05400089022700961,0.5609134529851091
91,-0.2046394571633412,0.10727613521282105,0.32250121716733615,0.43930112773927094,3.5039813868987855,-0.20973941118466,-0.2407734117206414
92,0.06837746478783178,0.07218863654743721,-0.609949158186497,-0.14391352306496658,4.997796897707094,0.03566376366235805,0.1752800546843244
93,0.052646000264548035,0.2552587927713559,-0.09432605385949269,-0.4050547992878239,3.5774354751642727,0.21834741902351296,-0.3723540771255195
94,0.05381986240641466,-0.019951004903752217,0.4999678751826675,0.2824057844507772,2.8272983678820856,0.10162729314184982,0.0035172060534626073
95,-0.038293721054945655,0.1627967551887263,-0.3380376663564782,-0.3976141234650761,3.2079079295491937,-0.28895724778965876,-0.6877422843558675
96,0.1638859967841923,0.02249962530980008,0.1882527927388541,0.4468241604885237,2.6436496892850405,0.10226928529543644,0.38093366255286354
97,-0.028069595338197893,-0.12537878370313862,0.0837496895039846,-0.016333724634369225,3.237120190423714,-0.4532790462320526,0.04982341348127111
98,0.06006624874592379,-0.13475692554622157,-0.03504480199609395,-0.5366961017010918,4.285779697185293,-0.21094239193109343,0.25864986611820073
99,0.06501371495739194,0.07061260932661215,-0.31786292210010475,-0.46419559884423617,3.8772298683511544,0.23631938329575763,0.30232421683470095
100,0.026400599574617652,0.040182169860895345,0.023146678901010593,0.7837556711871385,5.672576301740154,0.6852730487714228,0.2634166039090922
101,-0.07753740905517735,-0.02929348801550655,0.2339298060097596,-0.12894637276275028,3.0307094696765526,-0.41299166276404203,0.006118277280891407
102,0.03522821004877413,0.07125813081189095,0.21426922030810444,0.309083903744163,3.3250299419363447,-0.22442689537410795,0.06430369923554279
103,-0.08861756922436367,-0.11128706792701185,-0.3564445568892155,-0.2522079608146398,4.296173214412597,0.09993789287632462,0.02001637252123359
104,0.08716556094881721,0.17984424754877332,-0.2627345996391813,-0.18911478426665682,2.7212863746154685,0.1437708562659945,-0.378795867880869
105,0.03939600945389256,0.005762247282833801,0.026144163683751626,-0.07968017187119039,3.4584410459256354,-0.32891007442803194,-0.21539511229215066
106,-0.0583452899237113,0.05131189053605475,-0.0835211147955038,0.7241610464444932,5.927731604161606,0.5493392945347995,0.034439113587792926
107,-0.019158707181819255,-0.263133584095835,-0.15390497565362268,0.13554224979178273,2.831947235785182,0.273945195793061,-0.0367625516530641
108,0.0033585015707680525,-0.037050731374597176,-0.026354497003855563,0.41073923758547204,4.522852654284276,0.4103324179408279,-0.03995924647437661
109,-0.05302388000370602,-0.09865529836036382,0.18921220380975035,0.03675220577369232,2.4293137122480237,0.04601605690063403,0.00639776266437104
110,0.023323551655003442,0.10678569445638023,-0.14320724252417494,-0.11480329375673608,3.5426740446276117,-0.22525263314931107,0.2378763167271065
111,0.08270095623612143,0.013871153178422605,-0.02366293020825703,0.4215694467316221,2.9328739311842877,0.1442102603504113,0.053736142371539876
112,-0.0979158238230997,0.009045913577211974,-0.1995833121029147,-0.0708400297270889,3.78729327763945,0.0550914419718235,-0.08208680275018441
113,-0.12221389565988282,0.18407301967150602,-0.36471349378855195,-0.4751054861633968,4.956725775280258,-0.5239122172134706,0.030736106723275695
114,-0.02549618992165978,-0.15723888330647887,0.37965626038550637,0.13035569081759676,3.241101580258377,0.13755784184386277,-0.22245941451059528
115,-0.0047966269253265385,0.08106399652341761,0.10037790752833749,0.3246874987893358,2.555255985308576,0.10618147378771885,0.2712457256505199
116,0.07107318639607714,-0.02161331683775187,-0.29280570322616106,-0.12719845294790663,4.240689042653203,-0.07458386632485317,-0.2924823712846785
117,0.07960266223266561,0.02028336527202229,0.6968027042134628,0.3630123996047006,5.693349811802573,0.3912364704058164,0.07664487636344969
118,0.015836139357685932,-0.029827141693892376,0.4169762586342389,0.26508392026559896,2.8240893746114546,0.020869643849444466,0.03602948928766262
119,-0.0755890658789764,-0.16514004081489198,-0.05475406950013793,0.21723813588875013,3.361526409782858,0.3312247282123092,-0.41757621682837615
120,-0.04308406806851882,0.01680419309753814,0.5643813129223944,0.46526299140236754,4.6033676168396545,0.0915205144697254,0.5768366801757304
121,0.05674451663542233,0.12177857706422143,0.17100379623220516,0.21690557739360652,3.7831917848464363,0.35116383818167296,-0.0106814619086319
122,-0.08420575371757377,0.11783548425894577,0.1553573285929582,0.28417224135803687,4.076704973796225,0.2506563577773221,-0.06219726119043698
123,0.05074378551413609,0.04686020313929604,-0.31838373004651327,0.060696236738610757,3.441208604348094,0.4476014874539047,-0.24698189727517064
124,-0.05434467627244489,-0.02921951911293676,-0.14907900425415094,-0.07926014318624396,3.235810103276793,0.3385495832490562,-0.31722404574316554
125,0.09764307925040326,0.12181513836508977,0.22047354210599676,0.048227307719745614,2.827719851338859,-0.06377179634498681,0.24913380822314282
126,0.035377124393205804,0.07362800578457238,0.034264469540905035,0.25570782816607457,2.3575084906866888,0.3045315642206847,0.02686820227743901
127,0.0461961342416115,-0.08848996614932166,-0.21913106868998541,0.11246426806146455,3.609000023350247,0.7293782694377022,-0.08103125832923522
128,0.11353012190033798,0.06255077179183771,0.16872871609584478,0.005350903153321293,3.4481604833378174,-0.007598022483514145,0.35733618812457346
129,-0.21196524627425634,0.06642365550484178,-0.015220592326799487,0.47689713287753277,3.044189441328058,-0.12814859240374268,0.05987020951752893
130,0.017646727044350195,-0.0736234527347979,-0.12303386524901087,0.4117313142610655,3.4057213036504286,0.5475398851012148,-0.03872656516295399
131,0.07532976162611309,0.006925406724908606,-0.20620483405302284,-0.22003842975906762,3.0210806916070023,0.29705765629247555,-0.3714675160372866
132,-0.09725881442976872,0.18013227106546817,-0.03848494405644497,0.3902318969606711,3.53866516239514,-0.027877193634418648,0.08953070110546027
133,-0.09403448159731478,0.024590247751376085,-0.24237992444136058,-0.12010762955929442,2.9471155090984587,0.08588947200800467,-0.5899791098160612
134,-0.0599682141257475,-0.17027871889678403,-0.10168974694035321,-0.16558738798661252,3.695313866860503,-0.2530464789570258,-0.24427648100373567
135,-0.14660737735585871,0.0607751331266692,-0.32018780294343924,-0.28457317237069285,3.940874558373789,0.1931405752036686,-0.469283461011968
136,-0.09217697790166493,-0.01949260320137391,-0.09159587126391862,-0.389783900066465,3.538650146526847,-0.2759406193446911,-0.0025844794513416604
137,0.1346840681108749,-0.005619654979431928,-0.0898318039591432,-0.4299360788594165,3.1877212664852017,-0.2992783796885529,0.17165129643977176
138,-0.07861207984686579,-0.019903556480457284,-0.17263821665573914,0.04992979110529606,2.8185582491717547,0.07016420662858845,-0.1818293325507381
139,0.10369253558121264,-0.03465374763085194,0.2787600927455978,0.18343129802899844,3.153497688233889,0.5028144304916082,-0.16049151327964342
140,-0.0447725942484265,0.11573854133650484,-0.19891955962769556,-0.1859163236485541,3.785882949804674,0.3244247006241623,-0.2400329016126427
141,0.02713338319458943,0.04590010349436602,-0.011338878937734574,-0.19037423764698005,3.7506735369870996,-0.3077492129712826,0.18116172053017315
142,0.13052546337521787,-0.06858998153453434,-0.11509133743044596,0.10821180333466156,2.9403050612807577,0.49056357839128717,-0.3015623319928964
143,-0.07073451588442653,-0.09170184601259909,-0.199950148128153,0.07683933805422222,3.677545321830019,0.25207032703044563,-0.3339028254746388
144,0.048284294098852196,0.12087882594567229,-0.05466326561088515,-0.23988248827849717,2.365027740447967,-0.22328016339925053,0.033125705104061584
145,-0.1298236671296141,0.12553474759062794,0.01679427769804465,-0.015806260474579493,2.8711814614499236,-0.03784909925320654,0.2436578207056124
146,-0.09359709244127677,-0.08272379968666983,-0.20563295860227315,0.048572923118905736,3.772541925478035,0.19809355823975175,-0.44563119697298453
147,-0.020813151588693162,-0.06509376233325971,0.3673218406463281,0.3958915250923524,3.905382747050532,0.35714340181760723,0.50862916165182
148,-0.01099332583754945,-0.1376171923981251,0.21269093595406433,0.47465171060264527,3.5381291654751665,0.3857316984715737,0.05666676219836208
149,0.0251533987159395,0.0720320248512842,-0.11281974755726845,-0.057274047645006876,3.5852188734277446,0.18252162125427676,-0.029738956357833687
150,-0.012542871112710416,-0.11172477055016494,0.0804938872304054,0.20949395660497927,3.1514950697040094,0.09626314991977443,-0.12930420161330441
151,-0.045863332632492676,-0.028590111482268754,-0.07088153918518246,-0.07224406769196205,3.042382259114644,0.08079853063329855,-0.27528084014912085
152,0.044857909097118016,-0.1475030128309354,0.2987309671599785,0.29195578471363287,2.853989008597943,-0.06375037869984584,0.26047273634241674
153,0.04388751915320822,0.003700036645356341,-0.14601944394458086,-0.08210599978954616,2.776442519635773,-0.04445961891452672,-0.10606519130487171
154,0.032290860030192416,-0.07903634990125824,-0.08206922754124653,-0.2575663307876337,2.532472216076975,-0.2687835756607866,-0.13508154516987583
155,-0.15741189796491195,-0.09916476817133921,-0.049263851974183155,-0.2822935004669731,2.995950142334978,-0.2779838099340706,-0.31069105209522135
156,0.06730407085198098,0.03658609664758494,-0.21210853672739513,-0.08795382983378289,3.4837044977428535,0.21019641288006125,-0.1692486343184828
157,-0.1757596156154776,-0.06933359469802504,0.1311742628362334,0.048753499679444735,3.4725011795480647,-0.3502593704635559,0.21518585599363355
158,0.022986508997133746,0.1110579290924435,-0.1203132889747734,-0.26653985161788696,2.989478997118852,-0.15985790294824606,-0.15436432892406932
159,-0.14028229508162876,-0.010711461236281085,0.07996143195014495,0.05293375985664277,3.634269744223982,-0.07789104332655808,0.06056728428647626
160,-0.07509158415818132,-0.05188547318441957,-0.13243820793597913,-0.28692827544429117,2.9988978916197047,-0.3574835987611012,-0.24043212661454438
161,-0.02649543132528185,-0.06230637952001118,-0.09627875067755581,-0.07937199539833761,2.888051399376569,-0.21415732326481013,-0.11794168491213533
162,0.03270512283311924,0.01653280396997001,0.18347764838814185,0.10797441411504838,2.6602915537852474,-0.003807949785779347,0.16814487755471724
163,0.07486894110713524,0.10760120977944854,0.2156843821074167,0.23962288547118116,3.4284195203793635,-0.009686283080163503,0.4859663228983897
164,-0.11971097328025591,0.05489149950340033,-0.13695066221701885,-0.192611607074031,3.4541051668190255,-0.18090543415525953,-0.0983261614744823
165,-0.0889347051918704,0.16097264384173648,-0.17710257218070277,-0.07811158080217036,3.0877761428404558,-0.028859356711720675,0.009097212198662944
166,-0.06301337045920204,-0.017135871756439994,-0.14942074264801952,-0.11390072306465414,2.760721657439521,-0.20303533751882322,-0.09728410493449914
167,0.028782035213289456,0.1206006450955153,-0.204458126536877,-0.09022379524487047,3.407645206870892,0.24325583579806287,-0.19270444070550088
168,-0.08530626394541135,0.13239521134595408,-0.29173475035576213,-0.20586008567312697,3.638051388333968,-0.18759860214609525,-0.29099936897890694
169,-0.21400368718347346,-0.03339946565479708,0.023133257662480824,-0.14562563858500888,2.969834953704387,-0.26494771469422046,0.05520889681547338
170,-0.05137229119442925,-0.1462210221261686,0.21763579147103734,0.36877335762159763,3.3029430482154885,0.20127345175436362,0.1839471003879682
171,-0.22038808777593383,0.06507570586665373,-0.019776936923905267,-0.07454799210786034,3.8623197892692502,-0.15554650357616417,0.002052849910651761
172,-0.05830618246164877,0.15866191775210722,-0.20487956391533568,-0.24671061643848854,3.25183264176696,-0.2179763040706903,-0.19183418792104542
173,-0.19277610987303612,0.15481554519531035,-0.10844745040448905,0.06768781952189397,3.313266690244922,0.6259698149490747,-0.030079722661350294
174,-0.08625797529781111,0.05457496479806911,-0.18838212512826408,-0.15663810205070852,3.0534927034216905,-0.11562067640925458,-0.19203823648280266
175,-0.041926226872902414,-0.06483140318336231,0.15236917427893168,0.21118064136034473,2.9255252891354893,-0.011874549922652156,0.1903536008144649
176,-0.10877924753203712,-0.0018141835230925968,0.14597828491082826,0.17096865198341507,3.5707303489383557,0.07600616030383794,0.20991060118981716
177,-0.10877924753203712,-0.0018141835230925968,0.14597828491082826,0.17096865198341507,3.5707303489383557,0.07600616030383794,0.20991060118981716
178,-0.03936401712877279,-0.13872886816920382,0.021312859022395925,-0.03356084856911642,3.159325391205423,-0.05997881962328677,0.05722525002681868
179,0.03509407957437885,-0.017499431915820502,0.016129933261091252,0.23090340810770296,2.867343202905508,0.23182060326571588,0.07201351977578019
180,-0.10202396198094058,-0.10189898534365323,0.06393551814117747,-0.02012389521732393,3.2117379281742897,-0.2910006877389105,0.014359534119152868
181,-0.08909882017787658,0.17129125621601582,-0.1833997534283632,-0.140232095253612,3.6480152104062875,-0.07529443676907807,-0.08197194277359139
182,0.04485902602170548,-0.0016568615930463403,-0.05812340093928288,0.1472259629537607,3.677137035169891,0.29810284118800867,0.09949078219911953
183,0.027734637402206105,-0.05036242664101118,-0.01350476134977197,0.16874697896978952,3.433867357111264,0.16846867932735327,0.04836024592061786
184,0.058511717563625554,-0.013257853703061418,0.1712235430829444,0.23262358473955874,3.0974588872587434,0.537036812037591,0.028103385472383842
185,-0.04468588990435612,0.12902608863704768,0.05173815440965366,0.23915909994164125,3.5388177947017514,0.2412285861119449,0.060822720923257585
186,-0.06613748135654128,-0.050265940092658286,0.010190773446829447,-0.29002690234208645,3.280614781055363,-0.5574091567668766,-0.11612100407316647
187,0.10067642324001684,0.09533849329407011,-0.023726253417262436,0.13408175799857563,3.3348355213455667,0.25424719782543875,0.15231424357428464
188,0.015484311534038096,-0.15021504016026097,0.040914488942985064,0.06588155420627519,3.1369603200608034,0.2703888090755544,0.0043498495708938646
189,-0.0012973688148711733,-0.2632977383303386,0.20389740962144098,0.15088482881130355,3.0831477653125763,-0.007627510117563816,0.09263137309433914
190,0.021181506427667824,0.0931686766574928,-0.022900598830428064,-0.10157498291214058,3.7565703447501178,-0.10416258327253165,0.05826359269326864
191,-0.012651607010582875,-0.10820994319820253,0.12599517232897336,0.12151551781605745,3.388420961151229,0.027240131226137127,0.11644178309539487
192,0.030241699074209125,0.048537491473069676,0.06080861491025949,0.00913631997264551,3.706234247945416,0.13376039946914886,-0.08993007696311871
193,-0.026937148122509448,0.10824984275547943,0.03465630146481145,0.14328565271801094,3.898111199302894,0.24301652771712007,0.13207809320610808
194,0.10712881051711208,-0.07523357020465674,-0.13012519165422087,-0.1080884618997262,3.4714174252835077,0.16375095503812884,-0.12900752178764377
195,-0.03918819889541505,-0.16839159492615222,0.009287216688494039,-0.11124230633109626,3.789696434738383,-0.23329115531563302,-0.012216114825542338
196,0.052628274323769486,-0.06674088487909413,0.10527212796571174,0.11081752405115876,3.5820438826053262,0.2763330723691409,0.008625821737148473
197,-0.07613669996395657,-0.023681924577780285,-0.07601358315782546,-0.006334732992746544,3.175657775823662,-0.036980510870170326,-0.016546585487785204
198,0.031081965704168945,0.025150934222959,0.017324707452133086,-0.03707334576163888,3.9119686949647203,0.13719665660056266,-0.07203565001108873
199,-0.04086625136328154,0.02234293487028116,-0.016597695567410153,0.11482536183318456,3.626044653046958,0.25964206481756397,0.13108125270453974
200,-0.009805227572788882,0.08987959264793978,-0.08570372640575702,-0.1607327073955026,3.2511890203040252,-0.2010847628118318,-0.14259455192662215
201,0.07746664370553158,0.200685116297273,-0.07008497461645641,-0.25220967018161927,3.279938922161405,-0.3257386803573794,-0.004021175676611724
202,0.00951403713457077,0.00962001295018489,-0.0442048575588606,-0.0776701840350861,3.9335689523385087,-0.10655307071581595,-0.0021471426741831606
203,0.029397465043674718,-0.06495105823180766,0.0020323327221671646,-0.02798338386903834,3.7658938144847403,0.1514847270598097,-0.07297240778933026
204,-0.0035284763278546427,-0.04586490027947794,0.10606368345918593,0.11554908760886332,3.6694407734095593,0.16116118824858272,-0.08724694224512128
205,-0.0977056121757185,0.02014921492284981,-0.08004373717410736,-0.06331798030859453,3.2642988587403288,-0.07335424513685501,-0.07014273105716357
206,-0.11140569736826247,0.06196405486890379,0.02163387760944573,0.1233525793224893,3.0931582055875997,-0.14869122663908504,0.062293580966574405
207,0.04138518916888925,0.10982679604072808,-0.03742785873797124,0.045407485851580796,3.8049201065028395,0.06397373811828447,-0.034263299604753245
208,0.021649285647050587,0.0646467370914452,-0.03222373454264271,0.020577206674728864,3.949812287053543,0.06436503526580271,-0.022451946723915383
209,0.1581477031675488,-0.020854230355643863,0.0031107280135774466,0.0490498774411656,3.7557085065383857,0.19672368206101096,0.03474809425529036
210,-0.03457734097677668,-0.07521161834392928,0.016749143391374923,-0.009195062254620821,2.7170311035547594,-0.12819051997122968,-0.15059844388631474
211,0.02320418897145726,-0.03822398204522856,0.019538019199584793,-0.11033244239376894,3.025518263715497,-0.2228766043464191,-0.10778903917760088
212,0.04882891235368648,-0.10338486074287741,-0.006965774048214837,-0.10025939856819908,3.2241003138771647,-0.04423933772451019,-0.11469540510057186
213,0.09379285500780798,0.0410797684422066,-0.02172082574702295,-0.1706579566613553,3.32076606937261,-0.1897056459709789,0.040068854189115106
214,-0.05525320071920963,-0.049693984089732336,0.03398349923758941,-0.005865448293979742,3.3290340088958357,-0.137246320672477,0.002972826637339971
215,-0.05471975106292513,0.08183271835688777,0.0023133521811391634,-0.09798269752258616,2.7653060106138696,-0.2579246410239067,0.034507781904840086
216,0.08067416408710211,-0.056704140654064636,0.04234845675666966,-0.04809649102645219,2.7844334298558087,0.08836125882505297,-0.01624851208872837
217,0.08131293912562629,-0.025528076677825584,0.027698189891215915,-0.12381718286543893,2.826666601850385,-0.11486926190677313,-0.02281446995319401
218,0.1041954252283267,-0.04027440575663825,-0.040629110849143106,-0.022467321022647015,3.585695329541686,0.25341949240616607,0.0005964001570882608
219,-0.022330304877443672,0.0009683098736641805,0.012785621875172739,0.026809454113939795,3.6285433460981955,0.02834884835651512,0.09756020036731855
220,-0.005225753742955129,-0.0812255747638751,0.0837153197473323,0.161665288249696,3.823198498539317,0.08207531300079839,0.058931587028864356
221,-0.015212302381273263,-0.23044941980823563,-0.01316924283512107,0.019581030744236592,3.639819613801362,0.028637838771604193,-0.1549968633256912
222,0.017773057441473512,0.07724170406612785,-0.09142063679581151,0.057672577358645394,3.679589062450011,0.09624482950433716,0.1260189028205277
223,-0.04716464735464385,0.22569034850277106,-0.02741444851743449,-0.04763704391511925,3.5172446418271175,-0.1616978297058836,0.2632019736223492
224,0.07219442318116884,0.08192151289062491,0.03782554568800672,-0.17304581963033874,3.4631047860769426,-0.3015199613207757,0.13628944387453748
225,-0.03756175686064162,-0.11971363748326613,0.08437965877301505,0.13885679004604834,3.7678448801715243,0.07894941856571971,-0.0027218704912569023
226,-0.07238797236585308,0.11070187413121187,0.023100221019711695,-0.09253039336430226,3.474752298530937,-0.21868594529705193,0.20380167763407417
227,0.007640816682088203,-0.041665259270618676,0.038693773168956135,0.13497405203491158,3.436089428616717,0.21348254484916623,0.059424036641546975
228,0.04482847630778207,0.08079465652982493,0.01976267064140791,-0.05729840356996544,3.3541668020556106,0.002295242668942528,0.08214769437539911
229,-0.07417897730908794,-0.15975368751690122,0.07155521923328823,0.11453221908038717,3.3638548607638734,-0.05115922239346332,-0.00225605683470526
230,0.2982638556171718,0.03406588370280712,0.02747680838486595,-0.2169649123469222,3.3784085830912867,-0.22001784004496108,0.11321881541078863
231,0.1933934291522595,0.0751539980465702,-0.003177441143487697,-0.06036226233718684,3.3254237413920915,0.10759290559339513,0.14250591568086782
232,-0.04542407572151977,-0.012755205489021018,-0.02014205341945334,-0.06794842405613705,3.261470975774464,-0.19389187330900512,0.021015306182360388
233,0.09449792797737615,0.14161556258034114,0.03951573551587619,0.006800296997019301,3.397918774536325,0.030057728572461175,0.1815940103341513
234,-0.20526685185862298,-0.01472013222826316,-0.004028979711045962,0.09969798793248595,3.324429464908986,-0.011361704747086105,0.10151375959036026
235,-0.0565574405454438,-0.016271677606163982,-0.028321185571095094,0.03275139926666341,3.61215201213178,-0.00906508430712389,0.005724123714355788
236,0.01848166399161517,0.005421438111951385,0.014985285110676514,-0.025864909912828124,3.5936833617773067,0.19724565938649072,-0.08265733382076336
237,0.23115688629505893,-0.021815573224302425,0.01960503080320355,-0.11776056450938542,3.385578726406806,-0.02715233557398671,-0.12098666986460031
238,-0.16390790365581423,0.02219614886388242,0.017117280062841314,0.11983786726224542,3.0467091869421883,-0.08330108936573005,0.1139782902255345
239,0.1349897753307509,0.05212791133722117,-0.007207539259515619,-0.06047423579579361,3.711423049164951,-0.04143548973002354,0.06526183398324403
240,0.18342985068011333,0.01045503330810034,-0.01706927745376035,-0.11988419443701295,2.977421009920873,0.006841330623383739,-0.04062036415629342
241,-0.056717971207862344,0.0034101435511733323,0.037252527650633104,-0.04627250001795201,3.473281439818263,-0.1521841282089064,0.0669206509493686
242,-0.0842833821981293,0.05745185228839452,0.04192143039181259,0.10661570990546808,3.5282786552974463,0.017284926100235704,0.011597690481116862
243,0.09301483139992854,-0.0033318676033269887,0.011493137386664763,-0.0987865277851353,3.3977515202593525,-0.1294553456520523,-0.08018937824437351
244,-0.14733696207635494,0.04928531619845541,-0.058269449681938104,0.019049914118790336,3.0881245781049937,-0.13243665088349865,0.09378517476538409
245,0.03527714815040282,-0.09566313056794123,-0.0034044956580876625,-0.04882194645667623,3.510614062638782,-0.0902345155960062,-0.14133198245875167
246,0.0012281109052360425,0.0337650361810043,-0.0017740682703590322,-0.09330599412253071,3.2318751051761487,-0.13477544805512942,0.05468869208788793
247,-0.027220981297238978,0.041824615914377014,-0.0451737258970579,-0.07073714965702887,3.6398174213437975,-0.06143211727928224,-0.020685320960638024
248,0.03701337860995646,0.022488344043436113,0.044277584553476176,0.09869221803866955,3.7110023849815996,0.1558597526465964,0.08508117481758368
249,-0.04888957505497041,-0.0014288625240576613,-0.002817229395208053,-0.03028777196864384,3.4913385749811003,-0.1556948617813993,-0.012231973882395311
250,0.04610820864485515,-0.032700575659216004,-0.0008451310967304353,-0.11065778211981117,3.3058650834845,-0.11955032755398366,-0.09125197272461284
251,-0.06859708495814998,0.04737247541607475,0.034628431508731704,0.0010967632228581746,3.3433057790228258,0.00022974114574233137,-0.07271625215963581
252,-0.14973767764056092,-0.07844919061124292,0.024881865679977463,0.15632345301769818,3.0351227188479353,0.08905782306085824,-0.04686946908837177
253,0.04468778537632587,-0.05698979560654307,-0.040902719002444674,-0.007988372392126741,3.4262957516838597,0.011354574094996604,-0.11538401144608056
254,0.08018454757009533,0.021410224199318133,0.05169182780446634,-0.042921530760405564,3.4800018800071553,0.04039496099118939,0.09331385330180116
255,-0.10454474198424954,0.09423840728904352,-0.049347263008705615,0.05640187970190982,3.257224743544408,-0.07094885157446257,0.010358816345379674
256,0.0475742344614492,0.0640406415723146,-0.04150164509466365,0.038313706186123196,3.5861584014356516,0.11218738689809402,9.125750872114903e-05
257,-0.055087722412215226,-0.04193466644977934,-0.04331054606885156,0.035498879470120516,3.59150502378724,0.03353565921963914,-0.15047126134002548
258,0.09387176862950193,-0.05720017404047098,-0.04049025866483038,0.06392935003316705,3.478449748303819,0.2692003629265032,-0.07765622348834655
259,-0.003707161816848999,-0.047306543719120686,0.0223688421594143,0.024413928014777764,3.4444588618288723,0.0416032873778796,0.04963793494618017
260,-0.06377252925733876,0.04725550886700572,-0.05697228879646267,0.048815421329046135,3.1961137028394524,-0.05947966400285947,0.14550788009127627
261,0.0010441233442603044,-0.03838042570485165,-0.020527326166889077,0.0024837672271940062,3.63132603148493,0.013619782562353615,-0.09842156778226922
262,-0.041368129177810624,-0.07544358812795914,-0.03201431547496543,0.08701816023947465,3.479749220540598,0.12701592410864407,-0.0808284175768518
263,-0.011985618702909298,-0.08778674084736014,0.06236377563079571,-0.04231534262853487,3.2425735400504063,-0.020119175799866836,-0.11236230254229541
264,-0.014160566754173078,-0.02837041847025337,-0.03567603748348456,0.12405457119331817,3.564442583669497,0.26823164327280175,-0.0709557273380652
265,0.09340196163908784,-0.13730705864342593,0.000268102739013932,-0.10983000597593547,3.222166164443938,-0.11082085801478057,-0.10175546986866528
266,0.26230891598943423,-0.010375814011407811,0.02493849800957954,-0.06124052796377941,3.590295820116968,0.06762490965336619,0.027669347851235745
267,-0.2615655409415266,0.012661236218070263,-0.012054566174807279,0.014253870688233911,3.479489368366909,-0.24038285857155575,-0.011654660811249136
268,0.06402065845437807,-0.004561791054999208,-0.02399595565419827,-0.01650332205665193,2.914647385291136,0.00909707427034367,-0.005456820753103445
269,0.003625172675566154,0.10621843622317949,0.03865710651494942,0.12661632627616365,3.4769360896062627,0.28108459077328624,0.13018185172711025
270,0.0069790187097488205,-0.058475562862298804,-0.032213693252805285,0.09668333255256766,3.166447492545816,0.18309314148815128,-0.04962010774136305
271,0.21369310319279433,0.00021469017677710892,0.025618657645399626,-0.06658221099592011,3.565699399236026,0.04696768133717931,0.05504499576869934
272,0.009562944504928407,-0.029073733198290225,-0.018225260502994205,0.008285037777936202,3.5954850039767723,0.0014212223834475627,-0.09338210754300136
273,0.08231181471401211,0.02410724696689039,-0.01567127102227089,-0.03896523377147519,2.9722175646100757,0.011316818708676415,0.040771058924806015
274,0.09537500937775982,0.20938246671451582,-0.02788073508639339,0.025257920178959704,3.451256147025252,0.15182891274330404,0.0646571282332601
275,0.07370485039640227,0.1411638858962765,0.024717417272396316,-0.06962277723071057,3.332715220057682,-0.0724157210938351,0.189265394487504
276,0.11594494743771006,0.11859181681547501,-0.0062496311596080874,-0.050112043337794634,3.2801426560434668,0.03402962279483951,0.08958556730385427
277,0.0019566660704248484,0.016492004210715942,-0.004803100426391083,-0.006395038482701363,2.9605489794453725,0.04623248308693898,-0.033176325775042814
278,0.10842031257386678,-0.0927952663910484,-0.010560754723042463,-0.07470831916240572,3.0202707030400773,-0.014608742767792888,-0.09519312269467788
279,0.07809353588067863,0.20009025087455862,-0.04803247586788527,-0.06513405015353664,3.1904024849518273,-0.023419693554506762,0.19422229093612647
280,-0.056126449444314545,0.005819997935127514,0.0035449486537843062,-0.01017019653946567,3.4989934116516177,-0.0833390122976338,0.06000148747173679
281,0.08904186159359098,-0.07193474433774763,-0.015651203733020078,0.050404022137730285,3.566498985399449,0.23208406926965258,-0.1050804493513681
282,-0.008011689063925279,-0.08918398796465087,0.003895758343457346,0.01936950530796299,2.9824504503940856,0.06191142053411041,-0.07537545116129575
283,-0.020654332092824135,0.0220158816375874,-0.055263241590637516,0.022171643767357283,3.514801671608724,0.015841880553550017,0.01211213350488858
284,-0.01708235362674919,0.0682630473885008,-0.001951456890479395,-0.017715317973106392,2.977424095626503,0.007156864200707863,0.09242372440521823
285,-0.018901823428296452,-0.15976667654047158,-0.012165842533810466,0.05293796325034479,3.253230654317414,0.07936853013402052,-0.21505982839479795
286,-0.09827957194641308,0.04151885317185517,-0.012271388293100476,0.022220404736131162,3.027949626783137,-0.08719316540660121,0.08635806394082225
287,-0.0038516534151121266,0.018483622322460577,0.01865662860390443,0.041251204376052446,3.536394810521111,0.04123116537308347,0.013509515998316892
288,0.1286727783877833,0.04829814222163311,-0.011651925742058707,0.02079178427253232,3.5784355112401873,0.18300467605440682,0.029787046424143204
289,-0.02759306622358137,0.0687921528939804,0.01720102736999919,0.02915583272463194,3.057267194493138,-0.02082066099603821,0.1285793725204181
290,-0.06517993753194175,-0.03482442126354305,-0.008961458751490816,-0.005891705336400914,3.2198759571177384,-0.0646065623023466,-0.10190212964328786
291,0.11089950675657406,-0.02709348630738332,-0.02024477863965715,0.018894895557262127,3.539003347325295,0.21861816160015607,-0.10411270194511606
292,0.04956688652086592,-0.026631267805780418,0.013756369442215668,-0.0037816404533925338,3.5271933814611076,0.07492247477376589,-0.03520859075794978
293,-0.06538023778424501,-0.07690426242699701,0.005472689135034861,0.02457415371581772,3.0966211185856913,-0.010896950727912627,-0.046130729088193816
294,0.047832531298356434,0.05126786952972083,-0.006880232369316905,-0.027070396231693272,3.5289873182043907,0.04486760845433881,0.06303327981175738
295,0.0018978475524591208,-0.13261180963580807,0.031183628448942558,0.04847446351588762,3.164157333684625,0.021161559450308585,-0.1218800556959711
296,-0.0596003825573198,-0.133559799454277,0.023523654381964243,0.041705059746763154,3.42187255887556,0.03696730184979687,-0.11580630817529443
297,-0.024540825688503135,-0.033105118316275516,-0.028970671938198744,0.01023706078514531,3.398114841665595,0.016788720173197186,-0.12116128908757018
298,-0.03525647488707253,0.14791667935850866,0.03214061028660105,0.017507227762332444,3.3933907601997824,-0.04730181279673871,0.1658660404859759
299,0.028325345318244342,0.15056757471180912,0.0020516339484143403,0.04127198357476461,3.485999962187936,0.09245170722544506,0.12200199784594387
300,0.050551107454714486,0.12640050408252093,0.015361865914901766,-0.010144659410967522,3.463834531360132,0.04406228035632218,0.21159846974444033
301,0.17757881315114732,-0.14718859598822281,-0.005075248378696719,-0.0011049532326746798,3.1786767011206596,0.10260997738080398,-0.06435653771947956
302,-0.07371356772397593,-0.02871642835226022,0.010061288761349272,0.025981918494795194,3.155456946852796,-0.06880802133247736,0.019452561248314282
303,-0.05547007287779977,-0.053911655094283986,-0.054324800865677286,0.02941526439294051,3.1999337976498032,-0.06693527229206644,-0.04904943845137572
304,-0.03682610530557745,-0.049080103872718925,-0.005344943501711843,0.0316108747744702,3.0900312078652243,0.03282834899173535,-0.10767155834028334
305,-0.003763614803022894,0.017928875596121704,0.021926420623685175,0.04229881203453398,3.4829399604776254,0.029853954933393868,0.014454250280132487
306,-0.05304166795624381,0.013414127134517385,-0.018861987028016305,0.030359511233619636,3.356955919990116,-0.10371349856418617,0.025324658854080903
307,0.121595262558178,0.02259511685497682,-0.028488169983604084,0.010394418537422099,3.4675741400172506,0.13661698435385156,-0.05822986436639099
308,-0.008692673961107025,0.1492494204517786,-0.021642108485122474,0.010734197543951055,3.431909521316455,-0.005586930995502701,0.16883019099932495
309,0.03406438847875989,-0.12874689103546239,-0.00672613645073101,-0.036594043633177024,3.399903790046472,0.011073073143634154,-0.14627763703139648
310,0.08740792216154378,0.007485146392595564,0.004767444221392307,0.0002381380555069631,3.4741323565013302,0.07564229547725052,0.10116529219428955
311,-0.1164262187731362,-0.09968899824513434,0.0024896375964480956,-0.011040540862097836,3.1384978704502413,-0.09581377178742796,-0.09068916434525104
312,0.2264634506464155,-0.05724900437328148,3.881776070236839e-05,-0.0019176627519298369,3.494912978508308,0.2366853270968241,-0.03223829403724344
313,0.056663856314991996,0.09081282452217523,-0.004903426096213159,0.007893581708588355,3.3966523583166404,-0.07003119975112139,0.1298640767434243
314,-0.18765346494363486,0.16345281797094316,-0.029635524389433558,0.055433065843244644,3.3547868759883435,-0.09790810359405852,0.08401518182105361
315,0.059965566062091795,0.0727492619531671,-0.0077893522677726585,-0.01567051163585713,3.4125912743492504,0.09770387304458308,0.041526773482130734
316,-0.06788420472134807,-0.04034571258067139,0.016121384899962874,-0.01267926186150089,3.268554722543204,-0.08472449625732037,-0.04588333205034539
317,0.09767371618314936,-0.08073119476273861,-0.020788918053510977,0.029194598378860237,3.333766298755375,0.13040690789421383,-0.10505681814072534
318,-0.01902429069143908,-0.11753659051124211,0.0016869534580914705,0.05092032511745678,3.189305884521671,-0.011953190513863218,-0.12213768123574689
319,-0.0036350186162424918,0.008311110847065184,-0.01996967110805167,0.09193114205161997,3.310090537259622,0.18982011071304863,-0.05270604019997333
320,0.1800185806284716,0.08584633995742573,-0.011355431010206554,0.034149237620540035,3.4200913411472675,0.19910929792373094,0.10108241635102418
321,-0.02008246207586921,-0.09238025070811652,0.05750331523621947,0.1251017600314927,3.4023416328747587,0.14361208463495478,-0.08089722068273886
322,0.14550171095924774,0.1007101494471797,-0.02907553109408671,0.029797248639952,3.4093304639715227,0.1021673785494507,0.10065251888766383
323,-0.01631293672665193,0.012939176022411687,-0.009948103006571035,-0.0011434203181007027,3.181287357403563,-0.09813244999753666,0.007727815827720537
324,0.2296517204888566,-0.02703374739772379,-0.01645942348653099,0.03392778934722663,3.43902578525086,0.19813389440253207,-0.008459799561684484
325,0.10175677270694192,0.011129152526656033,-0.005282356309287997,0.01625998804645828,3.4694171037439427,0.1943522702554417,-0.02305104958327102
326,-0.02537019618243057,0.18035468278598438,-0.02091455014359509,-0.012385525893822233,3.4141881940731347,-0.0003583578055976522,0.16804257915796697
327,0.07989436834529196,-0.061164684248216604,0.008148454439269648,0.01027191967315476,3.377330751162317,0.07218058525077384,-0.032414000968118084
328,0.07230573145205209,-0.09487921967101494,0.021644182289312412,0.07825643910437564,3.475658592295832,0.16857645375998345,-0.06271537677751896
329,-0.04544270443085391,-0.01611273939800547,0.0011098447931197177,0.013584588882080811,3.3931875621345307,0.0665014108013193,-0.07473389976647042
330,0.02278196037551623,-0.03166981035092503,0.0013191504181462948,0.052640754853382606,3.110819600919975,0.06141551026257377,-0.028692604474738488
331,-0.0006622903940862345,0.007208436293644176,-0.010431572839712888,-0.0359101515808411,3.3813086933548417,0.01454343817100039,-0.00011622556570617157
332,0.10163464246898501,0.02458324450938981,-0.022792987031669935,0.010958826231732475,3.189351019412667,-0.014083895512657398,0.01597804897956259
333,-0.020885159487340554,-0.05019523872654073,0.011293967151153163,0.04217854167531937,3.1065521088035903,-0.00815063413328045,-0.05635158317559525
334,0.035192393904748674,0.06034270060537316,-0.02772878848851108,-0.005885208349661995,3.3491077427760914,0.014851569546624442,-0.003394598505810095
335,-0.031414963621835545,0.14476534716094297,0.041307171206739615,0.07726664525390467,3.3005933412097175,0.01191759611430958,0.18037237476562717
336,0.009845268844421906,0.04242174133734245,0.023127241077222804,0.0066309165518171264,3.1441084465278912,-0.010298471821113844,0.06847462998948851
337,0.14738141021849746,0.13563035415965857,-0.02368694368880188,0.01886739505547668,3.171730477361055,0.16893126360387156,0.1875864148179472
338,-0.08054245875855238,-0.0368661793382276,-0.0006272385391291801,-0.00101237022590295,3.3506895350889656,-0.018193822866265183,-0.032128480200760944
339,0.04993607307098381,0.07118773009254122,-0.034223955047922104,-0.029167132157999577,3.251052736543715,-0.02116692599925982,0.03192031292410924
340,0.07561393016983511,0.07333650418186968,-0.04670026132947075,0.018517766787732204,3.394902760890167,0.07159027261727782,0.06506390404911508
341,0.03639758359706054,0.13555383931951293,-0.01721148474672085,0.012197558590575624,3.3426215937413484,-9.907298827860518e-05,0.18243182013176393
342,0.05052341268494192,0.06868580945728425,0.0022002360623993,0.046962097486644754,3.2458968475422574,0.04730576581215105,0.07469471875392658
343,-0.028639609436908665,0.010888448321111794,0.00014263429531679507,-0.007989788536921871,3.3090774331945645,-0.0330919017072187,0.08170810046115004
344,0.012834049359971197,-0.04806886291895522,0.00424998114220484,0.020901731557812633,3.1541912912007346,0.0820230969085036,-0.03816038233859696
345,0.024989633276159447,0.028845470240848527,-0.03383910579058178,0.019309154272726333,3.278598083803161,-0.004220003989577251,0.04659617464250706
346,0.05967399133850338,-0.03500648218244923,-0.01346042166369821,0.011866591516656358,3.235376947173918,0.0267656514533751,-0.10113177347490875
347,-0.033559133061626716,-0.02416883823724514,0.025055377466614702,0.0002615256352924527,3.245370701824169,-0.02370166187578008,0.0034662977814636387
348,-0.07544779446678042,-0.06101728595649676,0.0340138521104206,0.02864002745606475,3.2719908350929092,-0.0796258586959603,-0.020647134631510005
349,0.03407447887318846,0.08424999247009983,0.005696217626449527,0.0024520782695859737,3.365096695981038,0.016304150904058654,0.11388341255857239
350,-0.06202653455496091,0.06541484399413655,0.02542490503292711,0.04215630002895073,3.2701757903207844,0.0331436744547998,0.10412597754453577
351,0.1171348722169823,0.07598399971434393,-0.017686231496579646,0.0637424114114383,3.384096736364154,0.27956289150669633,0.0016569213604427663
352,-0.0031726060188440527,-0.057275357351117086,0.00047049399254824314,0.036035568267061814,3.240639641781272,-0.0008104593697158953,-0.02901990810364687
353,0.09456698653490328,-0.052469723657819135,0.006321690953932195,0.0020229836008387155,3.3495119821610686,0.1029025919676859,-0.04472513824033988
354,0.08829261393146241,0.04622392731955888,0.029824151479640265,0.022422659509327158,3.396289506210597,0.09012969798779046,0.08047480224012604
355,0.029689966102107508,0.027284078825542665,-0.024306969914056616,0.02220120559901169,3.3064293426574674,0.001857135698495164,0.06314406278336937
356,0.04289539859524904,0.03010307350332993,0.021637179049828544,0.009791280912585097,3.1415595278285706,0.07396257082859632,0.04363967811529061
357,0.09726648610219696,-0.015689988425422515,-0.0014450493225134707,0.006291830552528634,3.3072083787973394,0.12465803476731858,-0.061013267852895216
358,0.0017525113214842255,-0.005954277280404809,0.005139856649585938,0.02550108153075706,3.3284373464807455,-0.005393567612597621,0.024424239679592053
359,0.09493322643586445,0.041992862845143676,0.0014912988661543438,-0.01797316013070329,3.323274516059732,0.051085419452910855,0.0853070673345845
360,0.06620799859819612,0.13964158847397762,0.00010339021090771166,0.020956831272604032,3.3892464201111645,0.1368330153124629,0.1624451149886273
361,0.09234172567690475,0.03273010176639276,-0.04481521380193808,0.017164707218106496,3.3336985006541724,0.08790451949715485,0.0649006761772885
362,0.023408187847244112,-0.12310074670103392,0.011169689716243507,0.03884023100310659,3.329371890767251,0.0658688434485941,-0.1070513949708997
363,0.005474548542787436,0.1322358569404382,0.01749243881565609,-0.013208137862880798,3.270849465698318,0.05660214843926112,0.14058039995841656
364,0.06769055992893283,0.019775056498930327,-0.030168363254044067,0.02170989050358561,3.2020773488413226,0.057980186319413055,0.054330827638725286
365,0.04991566596873071,0.031223470063956805,0.006204846967452695,0.028383607034561557,3.167158666283144,0.061128040692674475,0.031398910902811064
366,-0.010699207944351537,0.08166801177865746,0.002196072328415098,0.04643353271643752,3.370278006335599,0.08151275895366009,0.05092738982970629
367,0.004971496184900894,0.04777973546286323,-0.005625388976014772,0.035974879597399034,3.1861528454220203,0.08601457757201464,0.005940438405492783
368,0.05992047586470621,0.11078456352498776,-0.0008830041585948877,0.05945219881771638,3.3088691156408028,0.20887375736706099,0.0380215029157159
369,0.06534820993519018,0.019809793317412245,0.03228419448327838,0.019956099751761918,3.3319312845697313,0.05952408868540076,0.0680052183501875
370,0.04012367310754475,0.03902247792600207,-0.014097680021322818,-0.013108476976653995,3.2217877419066743,0.0683385150218902,0.0973570951437436
371,0.0032620967742274794,0.09795153557814873,0.0003829459792684777,0.02844216433509438,3.1974430553675446,0.037584468207576605,0.06933246735042484
372,0.025441418280041615,0.10463105778785975,0.014389433334348124,-0.004925662264865618,3.3822829499397677,0.10456542886290805,0.10089311485382237
373,-0.032189279765600896,-0.04344527622492135,0.025285520625124222,0.026361725967034302,3.2984496605096996,0.032222688319038156,-0.006986333190612202
374,0.05642880944901424,0.09085503130939113,0.007385211706133596,0.018424285079321197,3.3528215385336395,0.08507206718353416,0.09972205904960485
375,0.05009568988686134,-0.059288392418257806,0.025080678697464054,0.004418195537872456,3.2365752988067706,0.04646806094743518,-0.016858045670187147
376,0.05258604960645507,0.07145795202059146,-0.028552361013413696,0.01873097643599973,3.2107647125711085,0.02969129734440628,0.03374531494852597
377,-0.011004483130180757,0.002489164594496129,0.004497242474371678,0.024685038083511513,3.252904857946246,0.02014800830641773,-0.007019449059477111
378,0.06964531795472034,-0.05811244828118449,-0.002232354012297865,-0.014611638294429831,3.2847559119549268,0.06446753335725673,-0.03632221365462328
379,-0.03272882640959347,-0.03195319711371305,-0.011451669808388406,0.03743464841957895,3.272947626637366,0.04769105550505077,-0.055851697793599164
380,-0.0025616094069270683,0.11305797353514904,-0.011996132641774057,0.018703773437634623,3.298088034276733,0.04069804909083862,0.04739369558981151
381,0.030212205986887255,0.11380706990375741,0.004356357227463002,0.031038760756568713,3.2848087378880138,0.05557647757993591,0.1226468425717654
382,0.08657176261438766,0.04731245113875735,-0.02047707588157418,0.0287304989968685,3.312560555086568,0.028981765530127684,0.09890165784150672
383,0.09976493961413542,0.031428820121242984,-0.04940268147389717,0.030081934440493098,3.306310885039885,0.06517090038559253,0.10304161778121937
384,0.01550432491824069,0.1321711762720591,-0.029358943908044353,0.012960165579066535,3.2004083679566118,0.08930666891256457,0.06698965120369989
385,-0.0021830339881015962,-0.02186516728527649,0.025283189290986458,0.05179297363856172,3.3197762468682486,0.016226304917432443,0.00041110929575185546
386,-0.026533523653767196,-0.012473454053175981,-0.0054351082263469205,0.04055949652143333,3.2797267858179695,0.06952418654267098,-0.05238355700553972
387,0.14091988715774575,0.11595126975299169,-0.008740950351318177,-0.0042422865124787865,3.3705095467045916,0.2127279657622744,0.06062889930198971
388,0.041748755017199116,-0.0881911556016603,0.015463683703734502,0.016392283017963992,3.2574397916407682,0.036672881875502966,-0.07839768680844834
389,-0.012077142102855681,0.0967143135776341,0.026261278157632288,0.006539419178627004,3.2768675137510286,0.05507954649184272,0.10232456978507364
390,0.0063956322247284625,0.04994988186723689,0.008296672198255816,0.0142805449122048,3.2805479252469008,0.06740928964334104,0.07038189988022525
391,0.035219491876907594,0.09034956104839342,0.023713025852686614,0.01115911153026582,3.318509374305344,0.05300451525915445,0.09747677676087856
392,0.0125933119693003,0.026853331447766103,-0.0018884130337198405,0.043040327812644455,3.251163189773741,0.01446266931355491,0.009981071615360411
393,-0.03170181418063086,-0.0038678006981869677,0.0069973949995807225,0.04319466758916546,3.2339306952420244,0.054382026120946544,0.003107631078247716
394,0.05675694225798833,0.048590419651991706,-0.024170833194558063,0.03060782378879165,3.3092877169615984,0.03781573327547721,0.09437775533132124
395,0.02501394601136356,0.1201075817470281,-0.002375927299456182,0.0005490803974686209,3.3068290393972295,0.09315449309425668,0.08298195783579028
396,-0.09744353300310339,-0.11258217923327239,0.020095447411929514,0.07759658303431839,3.219699307127185,0.02477793897658869,-0.10284806353787619
397,-0.0016655509511911935,0.025348041718313424,0.018582139571617848,0.021380486488590693,3.2864104931481135,0.015084949995616556,0.03140288180825236
398,-0.08348200974272595,-0.11047443150926681,0.034035851111618706,0.07108075906645,3.2484659846897883,0.025376889627486906,-0.04751345727055473
399,0.05577910034054046,0.10652190587449369,0.0011511618396012804,0.02215711837870182,3.344558138546551,0.09977618084380468,0.08603582973932505
400,0.0027115234205780207,0.10110990088691688,0.00359400799802542,0.038129740979278647,3.232694838549422,0.12130821234547522,0.04045367904335099
401,0.11157958222126026,0.10525359429824704,-0.02549988429443693,0.0007710870539815198,3.2520822571254064,0.1077241137684711,0.08775885199254639
402,0.02739654846987702,0.08200506383579222,-0.008470471391652511,-0.0003236704487564374,3.2709126205872776,0.08866808080160136,0.16320417839248993
403,0.0013188021269991154,-0.02906095194305346,0.014302014356947966,0.039051234189581514,3.238121773415843,0.07021137405356762,-0.01827053489451284
404,-0.10351993030867966,-0.15023321927336095,0.03422521258118885,0.09437368284862048,3.2295258477522912,0.02739122741271203,-0.10151045173484255
405,-0.002823841447890126,-0.015555443386773758,0.0021145028892338236,0.011725321568410723,3.281412812687952,0.048128773055107925,-0.0033115420992548892
406,-0.0027772358658937836,0.1192070113060498,-0.024305950418195058,0.029204308722689837,3.303636449133863,0.06163195299822648,0.06845107743818286
407,-0.011790698791170036,-0.006292505428159208,0.004951556749604773,0.02674935523425015,3.2408434137087014,0.06296842725866031,-0.016563134216943273
408,0.022037569081832676,0.006339950575441013,0.011863732153617685,0.013653273667793906,3.2869123648616436,0.053671038621305574,0.06444144217168711
409,0.09270386122991696,0.04729905881061536,-0.00791047747553953,0.010466490842645884,3.2659366858849306,0.07874277870749187,0.14312946547606964
410,0.04196822871491539,0.08680316796749953,-0.018531020844337213,0.02217128259055005,3.271840287554529,0.11231959128397083,0.028235892858099874
411,-0.0018480510680782371,0.018732201531178664,0.026350637201632957,0.024123699161420757,3.3030158089254487,0.04284000455630006,0.047712862065502785
412,-0.019330884493633592,0.08742830059657704,-0.0030189292590154363,0.041609125548829264,3.324088535534747,0.07994595303841794,0.03959778768101119
413,0.09351870805511922,0.03485152081919043,-0.01354153685494894,-0.0036159700003881284,3.3207309901309476,0.0665272269938796,0.05720425848972682
414,0.10356085012773476,-0.0012034855418036655,0.007901853469474886,0.0036409878635399883,3.30514153305466,0.07100241999614713,0.050149653232281655
415,-0.03660349367841967,0.0022280991438682184,0.01290789087795589,0.06122316746086346,3.274678531488805,0.09961779268348361,-0.0036192908477764487
416,-0.07002239776532783,-0.009402680148722073,9.153942309576185e-05,0.058217859019316115,3.258577509248491,0.04686554784075806,-0.03858200200754905
417,0.002709862212234382,0.01516468179760038,0.0032446401810473963,0.025097913235522566,3.293198951690381,0.0875247441842371,-0.0011661430193617758
418,-0.002503582602631319,0.016857573244640458,0.004751060207831272,0.054123893997538926,3.216409094092316,0.08003348662642606,-0.0037361179242696996
419,0.07563953820147931,0.03584675706059399,-0.016279439181284147,0.019224728922677212,3.2911413746572626,0.05586734901490173,0.07597366198416296
420,0.10166035964543202,0.03283808686701994,0.012518533539894256,-0.011922161653877047,3.300499845124455,0.09481323250599406,0.10611184398454626
421,0.08232822382511787,0.02133537461968438,0.002075172002003217,0.02227766825210369,3.272873758583166,0.059659907332078765,0.06864715425059487
422,-0.027499089244276385,-0.015766196802246238,0.010234076402205373,0.04159025685549035,3.28903007767552,0.07944304536911674,-0.004740687920251507
423,0.02057847889016201,0.028179746680946208,0.009969595228961141,0.03936303706507017,3.2809981382098017,0.07294761056487736,0.010122242134534703
424,0.09462441122867944,0.04970291436189785,0.00035712519935855914,-0.004357201813755451,3.304089314268121,0.08656231708585653,0.032730416069604015
425,-0.0025550588593825987,0.0023907147536178447,0.007346195363113861,0.045483296145154686,3.2467533909775415,0.04580710279245979,-0.002521140873122751
426,0.04844364826683356,0.04923263572982904,0.007961295329379075,0.004724076326072192,3.3066696288588484,0.10421991638676598,-0.011177036644379119
427,-0.04846966451012095,0.04140236837209772,0.01144819330598517,0.06057236331370007,3.2388732113087646,0.043236154981088494,0.04926441782420049
428,-0.05251333562028672,0.005654735824055049,-0.00944415614754689,0.04613741361258811,3.2403726606225884,0.06150149610189517,-0.027118948818274553
429,0.10195708688690433,0.0605670308155497,-0.016379935678907536,0.0034750064535715186,3.2955650628178366,0.09142952738575269,0.012157246635858097
430,-0.010251381858763989,0.057111954991131635,0.013373017267637882,0.02880404865770869,3.3228551547110734,0.06822818193143841,0.041288547557863646
431,0.01328305246711078,0.07143651135215119,-5.426896689058176e-05,0.030885761628769458,3.302104115860911,0.042863625353298615,0.03336398170844616
432,0.005619276164651255,0.058559850360762306,0.0041713884726098,0.05202252430883077,3.249665714439196,0.07388884212091411,0.04711314359103671
433,0.12173805500473517,0.1141121674085968,0.00773124716179937,0.005721471264267754,3.2851184055085594,0.10766804253591031,0.12112460745009114
434,0.002294011869536606,0.07768070340139686,0.0098211845993353,0.02074709165221929,3.26895446044461,0.11520199958005478,0.09325461095882019
435,0.09683515633011468,0.13726386685451045,-0.010001844697652829,-0.03088930691773958,3.302170558850302,0.13825126502637036,0.12940452155585974
436,0.08812977794931598,0.09294953016591659,0.004330615200047151,-0.017454860195602096,3.2815413949874013,0.13638495831549394,0.1117103888688297
437,0.13562024139702988,0.11673921591854333,-0.036381807895208854,0.01944617457273105,3.279000572685333,0.06051924940603374,0.14328337977854455
438,0.027655141952419124,-0.0017197635926452205,0.009327221773410395,0.044714369514701945,3.2740053950063066,0.040809298546533965,0.029344000993538337
439,0.005190753811035771,0.12459664792951222,-0.0037121196919789852,0.018443280558392373,3.2617063209375687,0.0723980131514529,0.09794023302263308
440,0.06112252828180943,0.059689685407969754,0.003297176814695362,0.05368226994773999,3.2256193431653846,0.07521776599450995,0.06036198395862405
441,-0.039019398131901695,0.03541046800888035,0.021317602275288533,0.06001400332941075,3.245996096928203,0.07329930941534632,0.03761603478787829
442,-0.037911601770351716,0.0019665610328323106,0.004830621888635308,0.05809359778132229,3.2601703659082433,0.07559250183623448,-0.01623541731068271
443,0.04544497059433054,0.08467015253914864,0.01547101809556116,0.015667824455520646,3.260528012613346,0.10436313947041938,0.10603027265372902
444,0.043878374435281725,-0.006858670833855237,0.014088014998671156,0.023433984825476713,3.2723595442488045,0.07276314380046646,-0.02783988869548738
445,0.019853082541781093,0.07776825816352655,-0.004953054207912568,0.041423842984894224,3.2986528875022376,0.10772648499680652,0.03631720768164143
446,0.07305004416048405,0.08701796589862365,-0.02360478688686846,0.019237127413493683,3.3031504725276215,0.09927349431661091,0.08939408639822435
447,-0.05691611124137944,0.0752294003967509,-0.005370490979685234,0.05294877288446147,3.2609503159573365,0.054366585760106445,0.010121508637062758
448,0.036256355565088695,0.04086338568787835,-0.0036928008572335433,0.02138802782317099,3.2637858588081703,0.06797794484974937,0.05861934123008804
449,0.12090666078950292,0.0120690490750801,0.01801271935729577,0.00961357238617152,3.2751037026669656,0.09970620380852217,0.06674732960952398
450,0.14651493170105592,0.02132253760034849,0.014962304412101854,0.0006667319481896214,3.3033199539089213,0.11792167129417391,0.061648336973324426
451,0.02739200358685249,0.0906926223062392,-0.006737531589408577,0.007194492468073262,3.276338291727857,0.12560064259973586,0.08589734257755659
452,0.20658315680165568,0.06790328932506326,-0.014494770504464535,0.025383183046233226,3.2319455744405574,0.08998718023543537,0.07974469349351733
453,0.10361959486928389,0.0714062747201435,0.010320629110008306,0.01033411236531868,3.23211387121324,0.10278577915645752,0.08801885090433505
454,0.0616799007639957,0.09111969947254929,-0.021858121482121847,0.016213857811704282,3.270315821927438,0.07623235940614223,0.08585664712216345
455,-0.005993361829291821,0.03379195357069413,0.0031623348035647995,0.053527738685858944,3.239952154395741,0.10736167269745396,0.012840679821861893
456,-0.012833660769547995,0.052363585118910747,0.007431092781879176,0.04302613637054566,3.239692994461133,0.06541014029665802,0.035716114450762435
457,0.15238734219320169,0.08894224632307388,-0.026787422583677237,0.01221223640835871,3.259796496342814,0.07127313858054811,0.1202034925142379
458,0.0991407074416584,0.07078490711709795,-0.029204705026741634,0.019039829897178232,3.2661055520047806,0.07447175413160652,0.08282569832043091
459,-0.014446481968984197,-0.005369355567011797,0.03126856206770676,0.04299162080088554,3.2761239091745136,0.05726401066121611,0.017153290636878968
460,0.062005769162790374,-0.036062210369499574,0.030966501810503817,0.042660221911074034,3.2507918748855555,0.13630676727899388,0.00026708486343669785
461,0.10209032746682802,0.0844799169368128,-0.022237211241906998,0.010408526757582864,3.2610774008778933,0.08089453299182961,0.10203648456698487
462,0.013147153564344208,0.08425649315832918,-0.02019962229946322,0.026823584054053523,3.2875802236188,0.09214724304178355,0.036585595282434394
463,0.09572129834730397,0.04943191073097838,-0.003739244618783777,0.0318827978433247,3.216697828862355,0.10402006171862861,0.05792801103411862
464,0.024415457352925277,0.052383072894435556,0.0011666444565772139,0.03191218486463444,3.2455297549106663,0.0640069937989481,0.046774023765273044
465,0.01016423034960278,0.07756805147104025,0.0034174827728014304,0.03763031056118905,3.262516719841159,0.09115580344810147,0.07047320172017475
466,0.015480728683860094,-0.03209277935061739,0.025067989126123413,0.04938843699153233,3.259487291525163,0.08745026746897008,0.0016776262918278696
467,0.021787364815002208,0.10731928493367336,0.008577417698759067,0.024837919525736264,3.2704258302087252,0.08776510608747337,0.09561358174903127
468,-0.04883720462057041,0.03559970559511472,-0.014093132790770782,0.06159325173184161,3.2581017284974862,0.1101209734920446,-0.029302300680555848
469,-0.08448040360318951,0.061783566136356,-0.01304445407001889,0.06316225829144442,3.2527831884832934,0.04167293912467643,0.010720906685629243
470,0.0039103003902227216,0.14376059034754354,-0.02664439793210841,0.02614171066727874,3.2925394504352696,0.07434269295112363,0.06963501731968505
471,0.019810623089193707,0.07077456539435227,0.004345675377796036,0.03529246710409265,3.2705150746467173,0.05655516736803789,0.044074137510703895
472,-0.04317552701824877,0.07029148827868023,-0.017048875759535204,0.0463246402562804,3.269859949704625,0.10567431584000353,-0.020191747240136115
473,-0.12748064214929955,0.057505369621326866,-0.01585206389062353,0.06161204418421485,3.2838835523139376,0.04417395818252989,-0.01632972133605432
474,-0.06993071842201669,0.030440826868197986,-0.01817252361960932,0.06280027791828059,3.2847260025544136,0.08437676804258729,-0.039914267779782985
475,0.05288609313170808,0.08768015383468827,-0.006815872556610838,-0.004524041829733489,3.309161400486394,0.12262138642061887,0.03188896561209387
476,-0.04844290814297468,0.07604983906426772,-0.03109265964929757,0.04648207770653679,3.2901377456528516,0.1034425499932534,-0.019462185159046425
477,-0.0018868526968656722,0.1026462520583717,-0.02886849333060885,0.030602511423718243,3.302894267065411,0.10818814272924701,0.030844845305669
478,0.00018240353776222313,0.0714723866790706,-0.0027155779192889295,0.029141197331978258,3.2762517366849675,0.10350989579926904,0.03293958547346765
479,-0.07311286631243764,0.06610692839054826,-0.014248182099352297,0.0528674822742756,3.267111543724076,0.059710764514034176,0.005168054951393982
480,0.1489307486765208,0.12042848849423851,-0.015282825744945296,0.002307512807397689,3.285753093450742,0.1171140462664263,0.14251602071761166
481,0.024462671713172436,0.09139572600815543,0.020862251164158643,0.026188255457492704,3.2739837856026446,0.07719043634021719,0.0998231115142392
482,0.01470362715671323,0.013403752227712182,0.014832960019937658,0.05095780703423382,3.2198359581106017,0.10200332651707719,0.012813146599694195
483,-0.007333695602384936,-0.010748654849359069,0.016977473941453568,0.058656246685234406,3.223770227229128,0.09020959280241295,-0.017147291398001047
484,0.1544615474883915,0.07042921029212909,-0.005119726215072723,0.0048471710049744,3.27285472184694,0.11994454386403736,0.11228428689283299
485,0.1019913582082533,0.07748661500038026,-0.011768803380593995,0.001224515277748957,3.285489786447711,0.10433166139461375,0.09372352061189891
486,0.011384723716103653,0.025488957590225902,0.017876189494094377,0.03970936608572907,3.2732992770723457,0.0704353889445004,0.028053125289538437
487,0.026674036117234578,0.08375453448327456,0.002993807407099771,0.007475314906561264,3.298113251915319,0.10499462993868468,0.03892436475483394
488,-0.051136785219883504,0.11386631252242319,-0.015189582844885459,0.052448494278591835,3.276235049897626,0.08087777332178561,0.051104160962494136
489,-0.04612412797732408,0.1696072577367584,-0.015433492067512043,0.05195784015334393,3.279514639596306,0.09526984761403977,0.07180974768985027
490,-0.06760182021414043,0.08231769595864841,-0.013550977291304665,0.057002782283715005,3.269632782947785,0.06994880576036935,0.024931218488271813
491,-0.07905635261614714,0.07051371926931915,-0.017659295080732617,0.058774480830030104,3.278704338952957,0.09251954749804893,-0.011119513807945531
492,-0.09325288293084727,0.0546971050267737,-0.0032737870491014024,0.06435196230508651,3.265344452524448,0.05616619889770718,0.017462090865666892
493,-0.052229990299132,0.08208108221346488,-0.014078741340327593,0.04879886529861653,3.275057226705994,0.0542395163975911,0.023402626094293482
494,-0.03854701716051645,0.09821616213256641,-0.01196134605323161,0.03967060488979055,3.273867283140776,0.11104369071544848,0.03081737530923138
495,-0.058440502207102514,0.1349050863992528,-0.02352571182339854,0.04477320389436358,3.284698833145814,0.08545230926425443,0.03774079252719163
496,0.04303794260621539,0.11059127216878764,-0.013497147639754258,0.020853929528857566,3.313800765695572,0.1302520457164734,0.03549913986555017
497,-0.005562038888137937,-0.013692546264184301,0.008630883485421759,0.05982860232923463,3.2614274502759395,0.09617744515907135,-0.0191773181649223
498,0.055317008158911815,0.13979696208129055,-0.024440694039842895,0.020100050579403568,3.319043346393117,0.12995708447208995,0.049873424951374735
499,-0.09056190021916712,0.10472880874496353,-0.025670774136628684,0.06402953827135546,3.2612522282186145,0.0920856633755429,0.0027754505177888357
500,-0.0651649736520331,0.09217106635096665,-0.008713030724519925,0.04835026670687477,3.2773943159698185,0.08885962717092602,0.032571652736185217
501,0.04775148228603011,0.07283049883881762,0.021359498534239917,0.03335597873245197,3.2695751023463324,0.08450923777678886,0.0917798658581154
502,-0.004749852893201966,0.08287650366687963,0.01692550198346935,0.05349786212089972,3.2623378565289785,0.0734061963009783,0.0772948427450269
503,-0.0018070690885914507,0.07377029734516635,0.011007921776681081,0.03100201211473607,3.2501752259150964,0.10340079670713795,0.06535114706926214
504,0.15728957345862726,0.06479372242875676,-0.0027965179480870916,0.008003251055234466,3.2759052944815386,0.1139770149065444,0.10328859920249489
505,0.018367386632943628,0.06284700778852113,0.025683589227169352,0.03437239523754084,3.261545225643624,0.07890206572072768,0.07311711519984052
506,-0.010852800353309934,0.10469707986118373,-0.012995809316916098,0.04800405799976339,3.2644568785919352,0.09991685977056579,0.04920826544615597
507,-0.08779615583567371,0.07128794199927842,-0.0052498715205217825,0.06092755358397777,3.2780345255141614,0.06961541033615275,0.028630996343411833
508,0.10926500419709391,0.12403717142194272,-0.022401236183352286,0.009555130708962575,3.281316212183656,0.10919584222615193,0.10659253476351818
509,-0.023620185575968993,0.08632760883330466,-0.01284907523205503,0.04168096327008039,3.2561335552410395,0.0924705818904673,0.03541024984995753
510,0.0011265143948898783,0.08688978063431432,-0.01043463064686036,0.023168164206673673,3.2727904867908326,0.08685328955603394,0.022314869701695366
511,-0.03901600496746199,0.022323964136976123,0.005689329720449,0.061909253235883775,3.2464645888259667,0.08573171549340858,-0.0002665060152472601
512,0.03841429280633839,0.08603320002583624,-0.01928679127745064,0.011741139565796598,3.3156673004326547,0.12005569788737361,0.05250049458629305
513,-0.0006679412514290913,0.04455100072800203,0.00696454190546736,0.030114932706030075,3.257666557112492,0.07900850464510527,0.022409504662685938
514,0.008537277215540233,0.09720914086897094,-0.009793584222373038,0.034334529066243964,3.293030653921059,0.1166460096297759,0.05038548413249483
515,-0.03222212878787077,0.09063438869895009,-0.016168382909005057,0.04942085741355817,3.2807416536634904,0.1164462343014257,0.01097760379748442
516,-0.03560918175306734,0.08380299854491807,-0.01028494040818145,0.05185671635183193,3.276887368413791,0.09796781922139255,0.0182342974044909
517,-0.02895974847698201,0.07746558879446562,-0.005105861649281007,0.04751460888851127,3.2719147900912713,0.10267460018021402,0.0203079347639101
518,0.17553552330728098,0.06820590656873174,-0.010481810098626438,0.007295948939119436,3.294823263636379,0.1263288177851633,0.09904115195236646
519,0.15643689146693698,0.061904456783726886,-0.005349227347826542,0.011952355437219647,3.293892471848501,0.12911656909496314,0.10186023411105245
520,-0.05733899569114959,0.11190037546883816,-0.02086739918405319,0.056507945730182134,3.271893506098686,0.11104323239764685,0.014254263822049749
521,-0.0744187272498404,0.07265161984057165,-0.007315423583236801,0.05588246743220234,3.273971046792109,0.06202671487976587,0.027748525754878937
522,-0.04186475017082519,0.11097239311738567,-0.01695644271701087,0.04693040193828096,3.262224297530165,0.08874483020234585,0.05661498492794485
523,-0.0329968542854302,0.05622423219292364,0.002249198692442082,0.040808779547369264,3.2488419917567177,0.07986313235377679,0.03232017585019762
524,-0.06366781964152485,0.13015216494613585,-0.024616110461127366,0.04908445988070269,3.289388962363853,0.09024365048065199,0.032111365876272495
525,-0.007821477962247839,0.06546857163847583,0.01988865846040563,0.05219386194223874,3.249267942412131,0.07367273239936957,0.07354921448869171
526,-0.08161139348292763,0.08216683200892755,-0.01641293527522022,0.05795274687752506,3.271629001147561,0.09371154451899211,-0.003596476890034151
527,-0.012300149457202278,0.09265169031871132,-0.013782067597245071,0.04511408910463571,3.2769688770180436,0.11643120154618503,0.03167714007416746
528,-0.004415742467324566,0.013366779718263713,0.016077030454081993,0.04873670072779932,3.266826791744822,0.09556205617956692,0.018907369426596644
529,-0.08294935046834723,0.09729965938927575,-0.014547415739835347,0.05449996690169667,3.2720312297535052,0.06883153964796018,0.02539621627859405
530,-0.030349109051538238,-0.026328568175772813,0.016345536770943296,0.05985217411736476,3.2934604200397763,0.07662420976895797,-0.0256377713711757
531,-0.11271613328409023,0.10662353566610373,-0.02210148754384345,0.06185798818130075,3.2695346700973333,0.04974917765008676,0.010260375372257007
532,0.020510756275636168,0.04561312614557344,-0.011004490746041205,0.03880137200498592,3.297348670423281,0.11374023067037556,0.019884940862045047
533,0.053869341932266994,0.0981971032881219,-0.015061186234879854,0.031985761485870186,3.314154791321633,0.14171385099792544,0.043590714773959885
534,0.03355363199931753,0.07070873533106076,-0.016839210166433027,0.037401930521139444,3.297909061037623,0.14932019191825094,0.014431912562596079
535,0.046959737361075615,0.07914088505181716,-0.01804695310180493,0.03668366400033385,3.297767352336473,0.15311559352460993,0.026190938420901307
536,0.018718656063069564,0.11637477754633388,-0.017787852296234006,0.03451625301485723,3.3069847749779964,0.12525295721537208,0.0333982599905095
537,0.002458301070960144,0.08038037964948473,-0.010229177981778729,0.03477204650038695,3.27747393974981,0.11420325253303888,0.011343072509667443
538,-0.04966339835967382,0.040847713534600295,0.008417773734076208,0.05034497719344031,3.253893692510468,0.06932709148433262,0.023188819040596532
539,-0.00470391995902594,0.0028710397022171743,0.012060037952791217,0.054520175494800246,3.288466191511834,0.10456238077943655,0.013174314846880518
540,-0.033481145308536416,0.08881480794828832,-0.019345947050529597,0.04507241401195134,3.275560307684464,0.10675717327381702,0.0070902802627404215
541,-0.010373365239937465,0.04517201889487249,-0.004587767917397274,0.04597800014081263,3.2849543990574683,0.09815417120397607,0.016349996863764038
542,-0.002567202084619468,0.08273144198211009,-0.01587485084684015,0.04123664353087717,3.2841014034758857,0.10868164296590575,0.027397079811677157
543,-0.03426089003430141,0.0874546796805556,-0.02010453135935365,0.04681216903742983,3.277740452724989,0.09771688710481027,0.011012357327680185
544,0.0025617856516292285,0.038808788960003254,0.001617702837275168,0.042024593382972195,3.279728352710387,0.1056780226169951,0.020446597034553392
545,-0.0016150629734921168,0.024307988866395357,0.00395251913574587,0.04564392649841224,3.2764654919502854,0.10132104498419386,0.011145778350042351
546,-0.0014469662343814342,0.006277270556405263,0.010304093203967527,0.04742235811757201,3.285026483248344,0.09765833648273334,-0.002588324811445665
547,-0.02122599572152155,-0.006157033269886736,0.009766814333773357,0.06169041850480355,3.280427302801953,0.09207920242573282,-0.017108412876457597
548,-0.02150683804867333,-0.015986677277463446,0.01984523355351396,0.05757659099120156,3.279001371860065,0.08717833694604808,0.004467126292422684
549,-0.035217976292449264,-0.01622962592046155,0.01863801612542913,0.06372289584101512,3.277092908544269,0.08569740437456719,-0.0013498673319723166
550,0.0490146521689124,0.07046677881712482,-0.00998944684706294,0.036748998987888616,3.3038171058789434,0.13928204341883577,0.03232136012564135
551,-0.01601058773315368,0.002436100021005701,0.008203103214826106,0.05588334226682699,3.2848139191441557,0.10578461706129826,0.007158718066504395
552,0.024498934847130074,0.0739540180424154,-0.01299717678830105,0.036322734705501354,3.2942691078556443,0.1409924775022349,0.0139656374287058
553,0.01047334712941498,0.11453658477080116,-0.018366465135453498,0.041394543048117044,3.2931649287965516,0.12800783382214462,0.03466208074371864
554,-0.027765406642154496,0.1505666956845378,-0.018250484612823824,0.03660679092477159,3.2630093600441454,0.08405499510665337,0.05506138800578023
555,-0.02052025912287212,0.05692098887827155,0.0013515665835888491,0.0450201539424644,3.2581145801971845,0.09190875097634123,0.03437958333383575
556,-0.019475403676196882,0.16026881896013395,-0.018531859096149055,0.04180096890272971,3.250178036466735,0.09315970844348581,0.07757421317007626
557,-0.005555471029598761,0.13197412618525037,-0.016253052845063076,0.029847804003520627,3.266936328440535,0.09042394484244139,0.05961442845270345
558,-0.04448206618586034,0.11377633145144843,-0.010919877056795863,0.04137727937175259,3.2579642116103047,0.07545633361337946,0.044207190458070374
559,-0.012535361842820825,0.08903600408565945,-0.005707667688594022,0.03238260643972894,3.263320861569615,0.08813510749313566,0.048976812035590955
560,-0.02920373855435056,0.06833537030469654,0.003149697319388365,0.04284610658423113,3.2550140292197463,0.07582799811145619,0.03681302131830167
561,-0.030401135302330514,0.07021153542622163,-0.0007082842736796438,0.043128691280794024,3.260490337368855,0.08322643299465632,0.03692507716647049
562,-0.007218337016689301,0.08991736352595896,-0.011988580842398181,0.04804721765652417,3.2759751861042754,0.12145788356483557,0.03679232205733329
563,-0.008257620191950072,0.08101310063065141,-0.0072437160909559345,0.05349326261027026,3.2773576789017436,0.11977554328093826,0.03320936682529253
564,-0.030688347490748828,0.09988972717225073,-0.0067764387890417365,0.041820285519918315,3.2542622870495923,0.09099061198840738,0.04182896708188047
565,-0.04079689724141611,0.12092683654971073,-0.012253356764323122,0.0403404862340864,3.2498997122026805,0.09159655103807682,0.03512584608007635
566,-0.03541822723424618,0.03332931992784534,0.0057397444124504034,0.05822514179727588,3.276014999927527,0.10895730234664298,0.022750161544242482
567,-0.014622054312532263,0.03282620514842842,0.0064409459579011135,0.05412146821353891,3.278329091021086,0.10485599609990083,0.01488884376947768
568,-0.024412665092407866,0.014304025891077278,0.00455548582101324,0.05868544281031932,3.2808122441383967,0.1138561026240765,0.006361613278132951
569,-0.04712003648051443,0.08532140349378135,-0.0027549790333297698,0.04655206085763114,3.255215757976166,0.07677761863738819,0.03728687742912542
570,-0.04474568433475073,0.10584599837840052,-0.00890084940573953,0.04042534395894041,3.2516136202565313,0.0799510842297819,0.0365801322436837
571,-0.05592914249681847,0.07528815647976388,0.0017727567012728314,0.05154826422383442,3.2494273872730117,0.07696528307455024,0.040242930869266884
572,0.0306562562752233,0.07509093859451799,-0.014253848998902916,0.034512507373516944,3.298007895900102,0.11923033919991491,0.04102068680117157
573,-0.016228776225297184,0.13601681702512888,-0.01743211456581293,0.038167422541889075,3.287737709994446,0.10365043241320696,0.03992067674616047
574,-0.01065191369902553,0.11458632196050639,-0.013496772805455512,0.047343238595167134,3.269698295676577,0.11149966765805304,0.03920579207306198
575,-0.01844815992857219,0.10155741551960384,-0.008965869028775393,0.05234161714665209,3.2639099249734227,0.11169428099597549,0.04216435194987578
576,-0.03213046522189128,0.12792998555135562,-0.01165238355438784,0.045193351857913656,3.263229006788478,0.11442281326409486,0.05306807633201465
577,-0.010688466699085901,0.08725985256479046,-0.011613076421326843,0.051434153746001035,3.2747814218125297,0.12011017625358385,0.025622391688638828
578,-0.03750363931140119,0.08946614861543375,-0.01242518940384537,0.0538785504233125,3.273646305993277,0.11172057123544393,0.02368478223145003
579,-0.03254402263879482,0.0731743484521593,-0.00940272222295212,0.05456864389643321,3.2764138853238505,0.11624277639504484,0.020584075443271278
580,-0.034109268612199165,0.10303722873815993,-0.006178039547495698,0.0384820530920424,3.2472715553345024,0.08521880832603462,0.0405225886589754
581,-0.002228165055589259,0.06242646951638661,-0.003320525577106617,0.04731205990380469,3.2827867286872414,0.11154816861448753,0.02697478241670029
582,-0.0532627328066078,0.11875890991980456,-0.022099421066684763,0.05168698378767199,3.2850803261173116,0.11102840765488309,0.03146602954123458
583,-0.018050670529069803,-0.00358511637558534,0.009437764403634794,0.058340672098423293,3.278809490767845,0.11064778561539576,-0.004416287062449337
584,-0.029305093867243417,0.02059579300046731,0.005048772491696507,0.05859576669780684,3.2737935839839136,0.09930934694566722,-0.003534823515558918
585,-0.0032834536195805878,-0.027599612267501558,0.020425329646636625,0.05984144560589748,3.2935469964511315,0.09783267801294925,0.001473724664776329
586,-0.02610382959067296,0.03236769458148824,0.0025857738284464863,0.05548430273201234,3.2746768186534077,0.106078652710675,0.008871984043219268
587,-0.028065775216655806,0.016811090020038753,0.005056553448854719,0.055111248222339274,3.2729705120080337,0.10687323708185008,0.004288522951945278
588,-0.02623359195672795,-0.01869487993512074,0.015471491682445156,0.061792057394381296,3.2898583691843735,0.08234059165788393,-0.01425326268979628
589,-0.02954591772283216,0.07974005047589494,-0.011142093371868805,0.05206510930765665,3.2775222024322965,0.11228867665655543,0.02397607822469639
590,-0.03429228441849442,0.09565840527825548,-0.014401554038281566,0.049929106895832874,3.275782689499954,0.11477263270350158,0.029947311322825965
591,-0.05751520526840506,0.09388642570854498,-0.017402413563239724,0.0517429676589809,3.2843711403020643,0.10096956783240249,0.022260991079612692
592,-0.027625663859056775,0.05751778940265808,-0.006768026746931146,0.04985817802644449,3.2718917492570467,0.09313685176735921,0.0010473808278937448
593,-0.01479017840718637,0.0268279330343417,0.0003657608423325181,0.05016377252119726,3.271745867295393,0.09549901134973522,-0.0075527149676524975
594,-0.06833712360586697,0.10104416492595536,-0.02007477202996529,0.055522175378867146,3.2834480073454713,0.1018104122956511,0.016540180813754485
595,0.022835124565833517,0.016771360769907886,0.00907269138693856,0.0402273438021904,3.2773421587792626,0.10822266573658665,0.012047011945777814
596,0.002107094546409767,-0.028716792444964754,0.021120126353343417,0.05610284645939221,3.291461569883794,0.09665607816295176,0.004977534017835723
597,-0.01827540312816981,0.017602424886314177,0.010337589087501873,0.05411093645474016,3.2781706592650264,0.1106408414655594,0.024720012811785208
598,-0.021916599657917177,-0.017383502246518717,0.01839793207081668,0.05931007014553777,3.2823949261343466,0.09576497726404559,0.003134846414462034
599,-0.010582974343425542,0.07755418368490441,-0.004739972223272638,0.04853154196546487,3.2689716202315657,0.11111950830281492,0.03944741022350667
600,-0.02924667743343127,-0.0006942394237342937,0.008999950697838363,0.05769408050043954,3.2871945460086693,0.090107384396317,-0.005783314188388899
601,-0.02002099068264528,-0.01803795151972922,0.022851363220049502,0.0594533157471645,3.27618958736611,0.09855600457982436,0.01038342006184133
602,-0.005134806801534938,0.07652929858403724,-0.0029666035421733474,0.04559139875669174,3.2701330676514075,0.11473284048109768,0.03825595079683195
603,0.0013476956498556097,0.06725602006640252,-0.0026748299910871703,0.05170295881543291,3.275640918742451,0.11449638240934987,0.03427522715878124
604,-0.01641283359755905,0.09119753939900116,-0.00716789515860473,0.0488102192236748,3.269512220215714,0.10668914798064964,0.03696516522956437
